{
    "data":{
        "attributes":{
            "normal":{
                "itemSize":3,
                "type":"Float32Array",
                "array":[0,1,0,0.283944,0.915799,0.283944,0.333872,0.915799,0.22309,0.078341,0.915799,-0.393841,0,0.915799,-0.401563,-0.078341,0.915799,-0.393841,0.153661,0.915799,-0.370983,-0.153661,0.915799,-0.370983,0.22309,0.915799,-0.333872,-0.22309,0.915799,-0.333872,-0.283944,0.915799,-0.283944,0.283944,0.915799,-0.283944,-0.333872,0.915799,-0.22309,-0.370983,0.915799,-0.153661,0.333872,0.915799,-0.22309,-0.393841,0.915799,-0.078341,-0.401563,0.915799,0,0.370983,0.915799,-0.153661,-0.393841,0.915799,0.078341,-0.370983,0.915799,0.153661,0.393841,0.915799,-0.078341,-0.333872,0.915799,0.22309,-0.283944,0.915799,0.283944,0.401563,0.915799,0,-0.22309,0.915799,0.333872,-0.153661,0.915799,0.370983,0.393841,0.915799,0.078341,-0.078341,0.915799,0.393841,0,0.915799,0.401563,0.370983,0.915799,0.153661,0.078341,0.915799,0.393841,0.153661,0.915799,0.370983,0.22309,0.915799,0.333872,0.354656,0.375561,-0.856227,-0.180792,0.375561,-0.908963,-0.926786,0.37553,0,-0.180792,0.375561,0.908963,0.180792,0.375561,0.908963,0.856227,0.375561,0.354656,0.908963,0.375561,-0.180792,0.655324,0.375561,-0.655324,0.180792,0.375561,-0.908963,0.770592,0.375561,-0.514878,0.926786,0.375561,0,0.770592,0.375561,0.514878,0.655324,0.375561,0.655324,0.514878,0.375561,0.770592,-0.354656,0.375561,0.856227,-0.514878,0.375561,0.770592,-0.655324,0.375561,0.655324,-0.770592,0.37553,0.514878,-0.856227,0.375561,0.354656,-0.908963,0.37553,-0.180792,-0.856227,0.375561,-0.354656,-0.770592,0.375561,-0.514878,-0.655324,0.375561,-0.655324,-0.514878,0.375561,-0.770592,0,0.375561,-0.926786,0,0.375561,0.926786,-0.354656,0.37553,-0.856227,0.354656,0.375561,0.856227,0.856227,0.375561,-0.354656,0.514878,0.375561,-0.770592,0.908963,0.375561,0.180792,-0.908963,0.375561,0.180792,0.831446,0,-0.555559,-0.831446,0,0.555559,0.980773,0,-0.195074,-0.707083,0,0.707083,-0.555559,0,0.831446,1,0,0,-0.382672,0,0.923856,-0.195074,0,0.980773,-0.923856,0,0.382672,0,0,0.999969,0.195074,0,0.980773,0.923856,0,0.382672,0.382672,0,0.923856,0.555559,0,0.831446,0.831446,0,0.555559,0.707083,0,0.707083,0.195074,0,-0.980773,0,0,-0.999969,-0.195074,0,-0.980773,0.382672,0,-0.923856,-0.382672,0,-0.923856,-0.555559,0,-0.831446,0.555559,0,-0.831446,-0.707083,0,-0.707083,-0.831446,0,-0.555559,0.707083,0,-0.707083,-0.923856,0,-0.382672,-0.980773,0,-0.195074,-1,0,0,-0.980773,0,0.195074,0.923856,0,-0.382672,0.980773,0,0.195074,-0.180792,-0.375561,-0.908963,-0.354656,-0.37553,0.856227,0.514878,-0.37553,0.770592,-0.926786,-0.37553,0,-0.770592,-0.37553,0.514878,0.908963,-0.37553,-0.180792,-0.908963,-0.37553,-0.180792,0.856227,-0.37553,0.354656,0.354656,-0.37553,0.856227,-0.856227,-0.37553,-0.354656,-0.514878,-0.37553,0.770592,0.856227,-0.37553,-0.354656,-0.770592,-0.37553,-0.514878,0.655324,-0.37553,0.655324,0.180792,-0.37553,0.908963,-0.655324,-0.37553,-0.655324,-0.908963,-0.37553,0.180792,0.770592,-0.375561,-0.514878,-0.514878,-0.375561,-0.770592,0.926786,-0.375561,0,0,-0.37553,0.926786,-0.354656,-0.375561,-0.856227,-0.655324,-0.37553,0.655324,0.655324,-0.37553,-0.655324,0.770592,-0.37553,0.514878,-0.180792,-0.37553,0.908963,-0.856227,-0.37553,0.354656,0,-0.37553,-0.926786,0.514878,-0.37553,-0.770592,0.908963,-0.375561,0.180792,0.180792,-0.37553,-0.908963,0.354656,-0.37553,-0.856227,0.691824,-0.708792,0.137608,0.269936,-0.708792,-0.651692,0.391888,-0.708792,-0.586505,-0.586505,-0.708792,0.391888,-0.498764,-0.708792,0.498764,-0.391888,-0.708792,0.586505,-0.269936,-0.708792,0.651692,0.705374,-0.708792,0,-0.137608,-0.708792,0.691824,0.586505,-0.708792,0.391888,-0.137608,-0.708792,-0.691824,-0.586505,-0.708792,-0.391888,0.269936,-0.708792,0.651692,0.391888,-0.708792,0.586505,0,-0.708792,0.705374,0.498764,-0.708792,0.498764,-0.651692,-0.708792,-0.269936,-0.269936,-0.708792,-0.651692,0.651692,-0.708792,-0.269936,0.586505,-0.708792,-0.391888,-0.691824,-0.708792,-0.137608,0.498764,-0.708792,-0.498764,-0.391888,-0.708792,-0.586505,-0.691824,-0.708792,0.137608,0,-0.708792,-0.705374,-0.651692,-0.708792,0.269936,-0.498764,-0.708792,-0.498764,-0.705374,-0.708792,0,0.137608,-0.708792,0.691824,0.651692,-0.708792,0.269936,0.691824,-0.708792,-0.137608,0.137608,-0.708792,-0.691824,0,-1,0,0,-0.999969,0,0,-1,0,0,-1,0,0,-1,0,0,-0.999969,0,0,-1,0,0,-1,0,0,-1,0,0,-1,0,0,-0.999969,0,0,-1,0,0,-1,0,0,-0.999969,0,0,-0.999969,0,0,-0.999969,0,0,-0.999969,0,0,-1,0,0,-1,0,0,-0.999969,0,0,-0.999969,0,0,-1,0,0,-1,0,0,-1,0,0,-1,0,0,-1,0,0,-1,0,0,-1,0,0,-0.999969,0,0,-0.999969,0,0,-1,0,0,-0.999969,0,0,-1,0]
            },
            "position":{
                "itemSize":3,
                "type":"Float32Array",